<?xml version="1.0" encoding="UTF-8"?>
<project-private xmlns="http://www.netbeans.org/ns/project-private/1">
    <editor-bookmarks xmlns="http://www.netbeans.org/ns/editor-bookmarks/2" lastBookmarkId="0"/>
    <open-files xmlns="http://www.netbeans.org/ns/projectui-open-files/2">
        <group>
            <file>file:/C:/Users/T-GAMER/Downloads/Cinemaximus2/Cinemaximus2/web/login.html</file>
            <file>file:/C:/Users/T-GAMER/Downloads/Cinemaximus2/Cinemaximus2/web/javaJSP/login.jsp</file>
            <file>file:/C:/Users/T-GAMER/Downloads/Cinemaximus2/Cinemaximus2/web/javaJSP/registro.jsp</file>
            <file>file:/C:/Users/T-GAMER/Downloads/Cinemaximus2/Cinemaximus2/web/registro.html</file>
        </group>
    </open-files>
</project-private>
