<?xml version="1.0" encoding="UTF-8"?>
<project-private xmlns="http://www.netbeans.org/ns/project-private/1">
    <editor-bookmarks xmlns="http://www.netbeans.org/ns/editor-bookmarks/2" lastBookmarkId="0"/>
    <open-files xmlns="http://www.netbeans.org/ns/projectui-open-files/2">
        <group>
            <file>file:/S:/Estudos%20Faculdade/2%20semestre/Projeto%20Integrador/Cinemaximus-Att/Cinemaximus2/web/javaJSP/registro.jsp</file>
            <file>file:/S:/Estudos%20Faculdade/2%20semestre/Projeto%20Integrador/Cinemaximus-Att/Cinemaximus2/web/javaJSP/login.jsp</file>
            <file>file:/S:/Estudos%20Faculdade/2%20semestre/Projeto%20Integrador/Cinemaximus-Att/Cinemaximus2/web/javaJSP/filme.jsp</file>
            <file>file:/S:/Estudos%20Faculdade/2%20semestre/Projeto%20Integrador/Cinemaximus-Att/Cinemaximus2/web/index.jsp</file>
        </group>
    </open-files>
</project-private>
